,start_station_id,start_lat,start_lng
0,4488.09,40.68848905639242,-73.99116039276123
1,5616.08,40.727243,-73.976831
2,6140.05,40.74173969,-73.99415556
3,6850.01,40.764174520197685,-73.91583994030952
4,4362.04,40.6853761,-73.98302136
5,6726.01,40.76030096,-73.99884222
6,4519.04,40.69072549,-73.95133465
8,5763.03,40.73038599,-74.00214988
11,3739.06,40.665507,-73.993037
13,7235.13,40.778301,-73.9488134
14,7937.15,40.821294,-73.947868
16,6969.08,40.76800889305947,-73.96845281124115
17,5473.03,40.72158,-73.94546
20,7713.01,40.805973,-73.964928
25,6747.06,40.76227205,-73.98788205
32,5270.08,40.714193,-73.996732
38,4169.04,40.679043,-74.011169
40,4237.02,40.6800105,-73.938475
43,5489.03,40.72036775298455,-73.96165072917938
46,7942.21,40.823168,-73.955857
47,5164.04,40.71044554,-73.96525063
48,5944.01,40.73564,-73.95866
51,5550.05,40.72311651,-73.95212324
54,8356.02,40.847798,-73.901883
55,4452.01,40.68900443,-73.96023854
56,6115.06,40.74005708567285,-74.0052741765976
61,5436.09,40.72082834,-73.97793172
65,6197.02,40.74290902,-73.97706058
69,4199.12,40.6809741,-73.9710097
70,5550.09,40.7239567849954,-73.94984364509583
75,7599.02,40.7989445,-73.944846
76,5542.04,40.72325,-73.94308
77,4266.03,40.6831164,-73.99785267
78,4461.01,40.68764484,-73.96968902
79,5414.07,40.719383,-73.991479
81,4488.08,40.6902375,-73.99203074
93,7453.01,40.78866499127884,-73.96680057048798
95,7920.05,40.819746,-73.951819
96,4205.06,40.67890679,-73.94142771
97,6782.01,40.7611488,-73.9170071
98,6584.12,40.75510267,-73.97498696
101,7098.05,40.7739825,-73.9309134
104,5065.14,40.70838,-74.00495
107,8187.04,40.838191,-73.936085
108,3628.11,40.66016,-73.990974
109,6708.04,40.76017739537783,-73.98486793041229
111,7340.07,40.783786,-73.981687
112,6004.06,40.739445,-73.976806
115,3874.01,40.6704836,-73.98208968
116,4042.08,40.6740123,-73.9671457
117,3722.04,40.66514681533792,-73.97637605667114
118,6536.02,40.754176,-73.900318
119,7146.04,40.77536905,-73.94803392
120,7915.11,40.820681,-73.945144
121,6819.15,40.763154,-73.920827
123,6459.07,40.752694,-74.002353
126,6212.04,40.74436328706688,-73.9558732509613
127,6743.06,40.7595701,-73.9142678
128,6682.03,40.75892386377695,-73.96226227283478
130,4001.09,40.6737236,-73.9631611
131,4077.04,40.6746957,-73.99785768
132,6239.08,40.74394314,-73.97966069
133,6688.01,40.7596276,-73.9321455
136,4645.04,40.69400964865994,-73.99465128779411
137,7020.09,40.77140426,-73.9535166
138,6822.09,40.76500525,-73.95818491
140,7183.03,40.777507027547976,-73.98888587951659
143,4258.07,40.68199044270703,-73.99079024791718
145,6254.06,40.745038,-73.957539
147,6237.01,40.7437524099784,-73.94176483154297
148,7646.04,40.802692,-73.96295
149,6779.04,40.76228826,-73.98336183
150,4596.09,40.69236178,-73.98631746
152,5247.1,40.71450451,-74.00562789
157,4531.05,40.69089272,-73.99612349
162,3856.03,40.668757,-73.966438
164,7311.02,40.7829391,-73.9786517
165,6923.2,40.7675487799971,-73.9209334552288
167,6765.01,40.76087502,-74.00277668
170,5854.09,40.73381219196632,-73.98054420948029
173,6471.02,40.75325964,-73.94335788
176,5779.09,40.72966729392978,-73.98067966103554
177,6824.07,40.76269882,-73.99301222
180,8194.07,40.838315,-73.912604
181,7520.07,40.7919557,-73.968087
182,7152.1,40.774591,-73.918544
187,4028.03,40.6750705,-73.98775226
190,7932.1,40.820877,-73.939249
208,8397.02,40.850535,-73.901318
209,8233.01,40.840536,-73.919228
212,8172.07,40.83618,-73.939789
215,6857.09,40.7647,-73.9240312
216,5484.09,40.722055,-73.989111
220,7502.01,40.7921,-73.9739
229,4483.1,40.68822,-73.91966
230,8089.05,40.831327,-73.946665
235,6306.06,40.74691959,-74.00451887
236,6297.02,40.74734825,-73.99723551
237,6605.08,40.7569332,-73.9262231
243,6626.11,40.75776935448309,-73.97929430007935
244,4645.09,40.69512845,-73.99595065
245,7284.01,40.780478,-73.912212
247,7354.01,40.78476,-73.969862
253,7701.21,40.80722,-73.9418
254,4455.11,40.6861758,-73.99645295
257,5167.06,40.71117416,-74.00016545
266,4143.04,40.677027,-73.9865
267,7611.02,40.799139,-73.9389152
268,8319.01,40.846465,-73.903869
269,8171.06,40.837119,-73.902185
272,6505.09,40.752474,-73.939991
276,6532.06,40.75455731,-73.96592976
278,6644.07,40.75898481399634,-73.99379968643188
282,6937.07,40.7671863,-73.9373554
284,5329.06,40.7149787,-74.013012
288,6464.08,40.75255434,-73.97282625
292,6830.02,40.763954,-73.9646
293,6608.09,40.756265,-73.964179
294,6438.04,40.7519071,-73.9479119
295,6762.02,40.76095756,-73.96724467
304,8299.03,40.846052,-73.937648
306,7023.04,40.770513,-73.988038
309,5779.1,40.73139303364151,-73.98286700248718
312,4193.14,40.6809591,-73.99905709
313,4322.06,40.68256425759694,-73.9798977971077
314,5610.09,40.72431,-74.00473
319,6670.03,40.7577284,-73.9166368
326,7643.18,40.802535,-73.9532423
332,3199.01,40.647718,-73.973663
333,7587.14,40.7961535,-73.94782145
335,7003.03,40.770845,-73.934171
337,4419.03,40.68650065,-73.96563307
338,3946.07,40.672784,-73.979826
342,7696.07,40.805631,-73.934077
346,8005.03,40.825737,-73.927311
348,6170.02,40.74232744,-73.95411749
350,7617.07,40.799484,-73.955613
353,4611.03,40.69196035,-73.96536851
374,6569.08,40.754691750226016,-73.99740189313889
380,5636.11,40.72743423,-73.99379025
391,8153.1,40.835798,-73.937496
402,5730.08,40.728846,-74.008591
412,5755.01,40.72903917,-73.99404649
414,5137.11,40.70960089363537,-74.00655090808868
415,6989.07,40.7699176,-73.9184057
429,5414.06,40.72019576,-73.98997825
457,4993.15,40.70469667894968,-74.00803416967392
459,5359.1,40.71625008,-74.0091059
460,8122.04,40.834015,-73.908863
461,4371.01,40.68542400997018,-73.99127773940563
472,4476.03,40.6900815,-73.947915
473,5980.07,40.73704984,-73.99009296
484,8167.02,40.835302,-73.895133
486,6667.04,40.758397,-73.98255
493,3847.04,40.6679411,-73.9588
501,7159.08,40.7767,-73.927631
506,7344.06,40.78385,-73.95416
523,4903.08,40.70277159,-73.99383605
538,4101.17,40.676757,-73.983262
539,5805.05,40.73172428,-74.00674436
547,6514.08,40.7552433,-73.9485678
548,7018.01,40.7711528,-73.9170074
556,8108.02,40.832164,-73.949702
557,5838.09,40.73224119,-74.00026394
558,6030.04,40.73781509,-73.99994661
559,6650.08,40.757920208794026,-73.96638214588165
560,6759.15,40.76108,-73.930562
567,7126.01,40.774645,-73.923706
568,5288.08,40.71334184275907,-74.00935515761375
572,4781.05,40.698477,-73.98384
577,7543.15,40.795508,-73.941606
592,8104.1,40.832081,-73.942386
606,7837.3,40.816234,-73.948222
610,4497.09,40.6893952,-73.9995126
616,5400.05,40.71870987,-74.0090009
623,5752.07,40.72906,-73.95779
630,3776.05,40.666439306870814,-73.9605563879013
647,8118.02,40.83171,-73.90208
658,4231.04,40.6804836,-73.9646795
662,7606.01,40.7981856,-73.9605909006
670,5553.03,40.72467721,-73.98783413
673,6046.02,40.73912601,-73.97973776
676,7052.01,40.77163851,-73.98261428
677,7692.11,40.8067581,-73.9607082
679,7128.08,40.773763,-73.96222088
693,3611.02,40.659945,-73.977504
702,7905.05,40.818743,-73.890247
708,7230.1,40.7785669,-73.97754961
710,6131.12,40.742684734875695,-73.98671329021454
720,8841.03,40.88226,-73.88702
734,7062.07,40.772768286288304,-73.92743647098541
736,6729.02,40.7601853,-73.9362726
737,6912.01,40.7667405590595,-73.9790689945221
738,5391.06,40.71939226,-74.00247214
739,5905.12,40.73454567,-73.99074142
740,4134.06,40.6765304,-73.97846879
772,5489.04,40.72248188638219,-73.95921930670738
776,4513.06,40.689888,-73.981013
778,6915.02,40.7656251,-73.9136695
779,5382.06,40.718822,-73.99596
781,3771.06,40.666287,-73.98895053
782,7685.14,40.804038,-73.945925
783,7340.06,40.78414472,-73.98362492
799,6935.01,40.769219,-73.901001
808,3707.01,40.662611,-73.998623
815,5712.12,40.72769,-73.990993
819,7619.05,40.7997568,-73.9621128676
820,7116.04,40.77492513,-73.98266566
837,7039.03,40.771203,-73.903865
888,6650.07,40.75797322,-73.96603308
894,3385.06,40.652563,-73.972573
900,6812.06,40.763422,-73.914142
905,3169.07,40.644862,-74.014531
906,5279.03,40.71494807,-74.00234482
941,6929.02,40.766824,-73.930486
943,6004.07,40.7381765,-73.97738662
970,6313.1,40.7475739589548,-73.9788007736206
974,6089.08,40.741459,-73.983293
981,4519.02,40.6883337,-73.950916
983,6039.06,40.739323,-74.008119
984,6579.03,40.75574,-73.903427
985,6581.14,40.756351,-73.936515
986,4366.01,40.68565,-73.91564
1001,5300.05,40.71413311,-73.95234386
1026,8206.17,40.839443,-73.937044
1032,5989.02,40.738046142482766,-73.99642959237099
1033,5303.08,40.71427487,-73.98990025
1036,5359.12,40.71703,-74.00925
1037,5964.01,40.7361967,-74.00859207
1041,5997.1,40.73752993301071,-74.00558933615685
1044,6629.06,40.755763,-73.912715
1045,4614.04,40.69165183,-73.9999786
1052,6432.1,40.752049,-73.979635
1055,7314.03,40.782465,-73.914527
1079,7735.23,40.80756,-73.939182
1090,3211.06,40.64744,-74.018846
1104,4455.1,40.68825516598005,-73.99545192718506
1110,6462.19,40.751047,-73.93797
1117,5769.04,40.730563,-73.973984
1124,4692.01,40.69573398,-73.97129668
1159,4600.09,40.69146,-73.92146
1160,5905.14,40.734814,-73.992085
1170,4677.06,40.6942715,-73.9923272
1171,8543.01,40.861281970750994,-73.921417593956
1172,7945.07,40.822351,-73.926907
1179,4847.03,40.699871408829885,-73.91171872615814
1184,7909.07,40.819701,-73.901311
1186,4807.02,40.70068,-73.90742
1195,4812.04,40.699569,-73.979827
1201,8107.1,40.831584,-73.9149
1223,7888.1,40.819999,-73.897263
1226,4963.13,40.70461,-73.91054
1236,7868.05,40.817755,-73.92965
1256,4829.01,40.70037867,-73.99548059
1259,8044.09,40.827301,-73.896372
1287,4517.03,40.68989,-73.91458
1288,5569.06,40.72494672359416,-74.00165855884552
1292,3736.04,40.6642406,-73.9574686
1313,4659.02,40.69327018,-73.97703874
1316,7720.03,40.808442,-73.9452087
1322,7860.08,40.818215,-73.950988
1327,4816.02,40.69943,-73.91337
1333,5068.02,40.70767788,-73.94016171
1346,7903.02,40.8190344,-73.956156
1352,8254.01,40.84207,-73.926075
1375,7884.04,40.818154,-73.925294
1386,7823.03,40.8143256,-73.9590255
1392,7790.04,40.81296,-73.941878
1398,5066.03,40.70694,-73.90632
1409,7723.01,40.809725,-73.953149
1447,7910.01,40.819783,-73.936521
1467,4128.08,40.6777748,-74.0094613
1478,4729.01,40.69681963,-73.93756926
1479,3460.02,40.655716,-74.006664
1511,7740.08,40.809619,-73.917875
1518,7443.01,40.78948541553215,-73.95242929458618
1536,8088.01,40.83094,-73.91125
1537,8018.09,40.826969,-73.949738
1557,7931.05,40.820302,-73.903944
1638,4285.09,40.68319988172761,-73.91166642308235
1651,8111.07,40.83406,-73.92243
1751,7100.07,40.77282817,-73.96685276
1781,7488.24,40.7904828,-73.95033068
1782,4228.02,40.6794268,-73.9298911
1791,8456.02,40.8549,-73.90281
1809,4680.05,40.69502,-73.92825
1829,5593.01,40.72335597960796,-73.98864984512329
1841,6280.12,40.7457121,-73.98194829
1842,7976.08,40.823498,-73.94386
1843,4494.04,40.68851534,-73.9647628
1844,5004.02,40.70538077,-73.94976519
1845,4422.04,40.6859296,-74.00242364
1849,4074.03,40.6765198,-73.9596082
1850,5184.08,40.711444,-74.014847
1853,3266.01,40.648169,-74.000057
1859,4307.13,40.6828003,-73.99990419
1861,7579.01,40.7974772,-73.9311847
1868,6890.01,40.76669671,-73.99061728
1879,3230.01,40.648481,-73.97058
1904,4425.02,40.686312,-73.935775
1905,4546.04,40.68981035,-73.97493121
1907,5863.07,40.734232,-73.986923
1913,8194.06,40.839549,-73.913004
1918,4437.09,40.68737247650719,-73.98176059126854
1919,7386.1,40.7862586,-73.94552579
1922,7079.06,40.7734066,-73.97782542
1928,7793.02,40.814046,-73.91186
1929,4222.02,40.680342423,-73.9557689392
1934,8353.02,40.847396,-73.931205
1940,7703.14,40.806896,-73.911837
1957,8520.01,40.85834,-73.91008
1967,8416.07,40.852538,-73.93441
1969,5354.01,40.716657,-73.93637
1977,5743.02,40.72984,-73.94839
1979,4843.01,40.6999974843885,-73.97440128028393
1984,7883.06,40.816567,-73.888161
2004,4895.09,40.70140317257725,-73.98672670125961
2021,3135.04,40.644367,-73.984276
2030,8049.1,40.82831,-73.942924
2083,3353.04,40.650739,-73.977739
2086,8586.09,40.86294,-73.90108
2095,7567.06,40.7954121,-73.9441232
2102,4775.01,40.698,-73.9127
2103,4214.03,40.680983,-73.950048
2106,4357.01,40.68458,-73.90925
2107,8085.13,40.830476,-73.939929
2117,5084.03,40.70708701,-73.95796783
2151,8496.01,40.856906,-73.935662
2170,8632.07,40.866141,-73.922648
2230,7188.1,40.77677702,-73.9590097
2264,5262.09,40.713126,-73.984844
2267,8579.05,40.862562,-73.922661
2296,5602.06,40.72511734422387,-73.99930492043495
2303,8665.09,40.86788,-73.919685
2305,4479.06,40.68962188790333,-73.98304268717766
2385,7188.13,40.7781314,-73.96069399
2420,7047.07,40.77301508291382,-73.91119033098221
2421,5561.04,40.72317958,-73.99480012
2562,6398.06,40.75038009,-73.98338988
2587,7800.03,40.813358,-73.956461
2636,3501.01,40.65539977447831,-74.01062786579132
2665,5669.12,40.72737869323223,-73.98840844631195
2709,8575.02,40.86156,-73.91219
2772,8613.09,40.864632,-73.918598
2818,8358.1,40.848282,-73.941343
2831,3220.01,40.646475,-74.026081
2853,8041.07,40.827883,-73.927111
2856,8474.02,40.85648733523576,-73.93296986818314
2877,5436.11,40.71978635452822,-73.97871628403664
2879,8491.07,40.85715781391904,-73.92717361450195
3024,6441.02,40.75172632,-73.98753523
3031,5938.11,40.735367055605394,-73.98797392845154
3098,3312.07,40.651745,-73.975988
3197,5442.05,40.71915571696044,-73.94885390996933
3259,7327.01,40.78294,-73.93077
3279,5955.12,40.735918,-74.000939
3338,7658.13,40.8038654,-73.9559308
3344,7954.12,40.823061,-73.941928
3345,5659.11,40.72746420692392,-73.97950418293476
3346,7650.05,40.8021174,-73.9681805305
3361,5282.02,40.713811,-73.93515
3403,5148.03,40.7103685423523,-73.94705951213837
3435,5746.02,40.72970805644994,-73.9865979552269
3462,5190.07,40.71269042,-73.98776323
3465,5914.08,40.735238,-74.000271
3466,6432.11,40.750756,-73.978326
3467,3117.05,40.644743,-74.003754
3474,6662.09,40.75767234025041,-73.90769943594933
3476,8265.09,40.84301,-73.91172
3566,6464.09,40.752643,-73.974996
3568,5406.02,40.71850211,-73.98329859
3587,6659.1,40.757334,-73.974235
3756,5379.1,40.71745169,-73.95850939
3812,7113.08,40.77518615,-73.94446054
3857,7082.14,40.77336750284339,-73.91382560133934
3986,4392.04,40.6851532,-73.94111
4010,8432.04,40.853142,-73.927094
4028,3253.01,40.649292,-74.020105
4132,3084.05,40.642703,-74.009441
4152,8547.04,40.862058,-73.929719
4295,8399.06,40.852252,-73.937854
4301,5687.04,40.72710258,-74.00297088
4328,3834.1,40.6686627,-73.97988067
4353,7774.02,40.812346,-73.946168
4503,3050.03,40.642408,-74.013318
4545,8453.14,40.854788,-73.929513
4603,5687.11,40.72789701409023,-74.00536268949507
4625,8213.01,40.840484,-73.917946
4685,4107.05,40.6758324,-73.9561677
4807,7845.1,40.81687039466032,-73.92798498272896
4925,3388.02,40.652512,-74.008906
5098,4751.01,40.697842,-73.926241
5142,4873.08,40.70106,-73.93318
5218,4956.02,40.7031724,-73.940636
5396,7853.01,40.816124,-73.908116
5498,4568.01,40.692,-73.92617
5588,8290.01,40.843965,-73.920999
5781,7991.01,40.824796,-73.90242
5927,7935.07,40.820713,-73.911759
5957,5170.01,40.710681,-73.93372
6005,7952.02,40.82188,-73.907521
6092,4474.01,40.68858,-73.91227
6123,4522.07,40.68917,-73.9886
6130,4784.02,40.698568,-73.918877
6138,4582.05,40.69081,-73.90448
6262,4920.11,40.70293782409166,-74.01149354875088
6294,5108.01,40.70870368,-73.9448625
6337,3940.04,40.67267243410948,-74.0087952464819
6372,8649.03,40.8684871,-73.8884559781
6399,5250.05,40.71247661,-73.94100005
6404,4816.05,40.69905,-73.91516
6527,8344.04,40.848177,-73.916082
6754,8225.05,40.83999,-73.90549
6760,5332.1,40.71638031973561,-73.94821286201477
6782,8720.02,40.87144520687118,-73.89289632439613
6809,8156.03,40.83617913677475,-73.90730146322765
7541,8778.01,40.87656,-73.88366
8388,8186.01,40.839229,-73.899047
8631,7271.01,40.77977,-73.923162
8685,7807.04,40.815077,-73.899939
9638,8707.01,40.87156,-73.89714
9875,7835.1,40.815887,-73.911918
10064,8643.01,40.86571,-73.90857
10142,4890.11,40.70113,-73.91422
10221,5860.02,40.73396,-73.95204
10243,4768.02,40.698617,-73.941342
10485,7913.15,40.81989,-73.908351
10549,6554.05,40.75388,-73.914952
10567,4735.16,40.6972,-73.90674
10607,8752.01,40.87444,-73.89186
11083,7918.12,40.819609,-73.916071
11331,4422.05,40.68763155,-74.0016256
11404,5096.11,40.708485,-74.002751
11408,7777.02,40.811675,-73.917037
11492,8348.02,40.847746,-73.922079
11520,8472.06,40.856987,-73.898237
11538,7812.01,40.813135,-73.909235
11996,4605.04,40.69239502,-73.99337909
12002,4290.08,40.683426,-73.984275
12032,5270.07,40.7158155,-73.99422366
12051,4336.01,40.6845683,-73.95881081
12052,4263.12,40.68186,-73.959432
12149,8040.03,40.826706,-73.888719
13094,7925.04,40.820003,-73.959089
13820,4339.01,40.6849894,-73.99440329
14047,4994.1,40.70413,-73.90737
15836,8555.05,40.8604244,-73.9093359997
15932,8699.01,40.8704956,-73.8818756582
16211,8156.01,40.837213,-73.908345
16452,8095.06,40.832171,-73.889686
17064,6072.06,40.7390169121,-74.0026376103
19094,7669.1,40.805559,-73.914718
19324,7226.03,40.779399,-73.905708
20660,8277.03,40.843079,-73.900216
22586,8096.03,40.832057,-73.927421
24294,8216.02,40.839194,-73.888587
24570,7504.12,40.79329668,-73.9432083
24575,8190.03,40.838379,-73.905838
24579,5575.13,40.72506551015475,-73.97515833377838
24585,5146.03,40.70998,-73.91116
24616,4095.03,40.6773429,-74.01275056
24619,7648.16,40.802554,-73.933509
25189,8682.06,40.87002,-73.88565
27187,3019.02,40.640493,-74.02564
27600,8782.01,40.87704,-73.88943
30377,8636.04,40.867357,-73.92936
30861,4856.05,40.70108,-73.9179
31087,7610.13,40.79904139288298,-73.96649479866028
31336,7922.01,40.820578,-73.888271
34430,8403.02,40.851747,-73.908964
34549,8664.06,40.86813,-73.88412
35141,3931.09,40.671409,-74.001328
35227,2971.02,40.639978,-74.02324
35453,4327.09,40.68402,-73.94977
35455,6131.13,40.74275179648995,-73.9847157150507
35513,4953.04,40.70355377,-74.00670227
35518,5581.01,40.72557,-73.94434
35536,8175.06,40.837576,-73.910489
35538,8795.01,40.87935,-73.88534
35545,3000.08,40.640831,-74.010996
35562,3879.04,40.6691783,-73.9554162
35605,7068.07,40.7725996921817,-73.93266275525093
35682,3379.03,40.652657,-74.002356
35688,6890.06,40.76473420006519,-73.99194359779358
36216,3166.03,40.645074,-73.979681
37755,5159.07,40.70991806921533,-73.99161100387573
41083,8144.09,40.836274,-73.884308
51275,5114.06,40.70834698,-74.01713445
51647,4019.06,40.6740886,-73.9787282
51649,6756.05,40.762009,-73.996975
51651,5065.04,40.70862144,-74.00722156
51701,6766.03,40.762507,-73.902534
51705,8191.01,40.839137,-73.941409
51710,6789.04,40.761584,-73.925921
51716,6429.01,40.75110165,-73.94073717
51762,7849.1,40.816343,-73.896447
56428,8076.01,40.830025,-73.886312
56438,5093.01,40.70853074,-73.96408963
56599,3842.08,40.6686273,-73.98700053
57568,8152.03,40.83545,-73.90153
59704,8676.01,40.87069,-73.90678
59753,4883.03,40.7016657,-73.9437303
59937,8052.01,40.828975,-73.911259
60087,6753.08,40.7612274,-73.96094022
60166,7627.1,40.8011939,-73.9500739
60181,6361.03,40.74966,-73.9521
60192,7059.01,40.77149671054441,-73.99046033620834
60196,7855.03,40.81695971032464,-73.9422959089279
60197,7577.27,40.79558954105342,-73.96188408136368
60198,5779.08,40.73221853,-73.98165557
60213,7524.16,40.79313480986663,-73.97700369358063
60224,7680.03,40.804213,-73.96699104
60225,7338.02,40.7839636,-73.9471673
60227,4565.04,40.69102925677968,-73.99183362722397
60237,6072.11,40.740983,-74.001702
60241,4066.15,40.676368,-73.952918
60281,6659.03,40.7597108,-73.97402311
60282,7323.09,40.78232260730881,-73.95987510681152
60340,4850.04,40.69957608,-73.94708417
60347,6483.06,40.752149,-73.989539
60348,3993.03,40.672695,-73.954131
60355,5797.01,40.73226398,-73.99852205
60413,3922.02,40.671907,-73.993612
60483,4663.06,40.69545,-73.91164
60493,5938.01,40.73624527,-73.98473765
60505,4683.02,40.69363137,-73.96223558
60516,6795.01,40.76341379,-73.99667444
60578,3515.01,40.658029,-73.989605
60579,5433.03,40.71907891179564,-73.94223690032959
60580,8196.02,40.839335,-73.886445
60581,6190.03,40.7435337324616,-74.00367558002472
60618,5062.01,40.707644944175705,-73.96841526031494
60619,7372.1,40.7857851,-73.957481
60620,6215.04,40.74395411,-73.99144871
60630,8021.11,40.82713380423556,-73.9227358996868
60637,4789.03,40.69760127,-73.99344559
60663,4617.01,40.69237074,-73.93705428
60679,4190.06,40.678045,-73.962408
60681,8080.01,40.830529,-73.894717
60697,8205.05,40.839586,-73.900277
60698,5125.03,40.710451,-73.960876
60699,5422.04,40.71910537,-73.99973337
60700,4651.02,40.693261,-73.968896
60702,5216.04,40.71291224,-74.01020234
60736,5515.02,40.72217444,-73.98368779
60759,7662.13,40.805726,-73.936322
61865,6511.03,40.753441,-73.912402
62089,4380.08,40.6847514,-73.99917254
62091,4028.04,40.673746,-73.985649
62113,6865.03,40.7659,-73.930819
62122,4404.1,40.6849668,-73.98620772
62159,5869.04,40.73266,-73.95826
62204,7137.04,40.774798,-73.903787
62229,6951.03,40.7671,-73.9169858
62245,8307.05,40.84552,-73.91722
62257,6827.11,40.7633589,-73.9286471
62262,3376.02,40.651847,-73.965248
62268,7522.02,40.7923272,-73.9383
65617,3428.02,40.654798,-74.014372
65863,8269.01,40.844075,-73.917256
66116,4632.1,40.69296,-73.91605
66141,4656.03,40.6933982,-73.939877
69345,8182.02,40.837037,-73.890413
69942,8126.07,40.834263,-73.917641
74874,6128.04,40.74252,-73.948852
75503,2733.03,40.633385,-74.016562
75515,3192.05,40.647379,-74.000911
75523,7798.02,40.812299,-73.92037
80941,8138.07,40.834468,-73.939865
81383,8811.01,40.8802945,-73.8860653648
81786,7178.02,40.776165,-73.9153175
81832,6806.06,40.76315481910373,-73.93985509872437
83472,4695.04,40.69467,-73.90663
83479,6257.03,40.74487634,-73.99529885
83483,6626.01,40.75724567911726,-73.97805914282799
83491,6960.1,40.76873687,-73.96119945
83492,7265.1,40.7806284,-73.9521667
86245,4507.07,40.68906,-73.90506
86265,8507.02,40.85890447538412,-73.9230939745903
86812,8167.04,40.8358771,-73.8931428
86913,3972.08,40.6725058,-74.00494695
87150,5045.05,40.70684203101325,-73.9544353965357
87651,4428.02,40.68753406,-73.97265183
90636,4798.1,40.6988,-73.9007
90686,3056.05,40.643546,-73.986418
90689,6804.01,40.764496,-73.904632
90761,8711.02,40.873265,-73.906646
90763,6735.03,40.760083,-73.907107
90785,8619.02,40.86659,-73.89794
90788,7957.11,40.822215,-73.914688
90823,7066.01,40.772899,-73.896849
90889,7707.08,40.807408,-73.91924
90908,4086.05,40.6769993,-74.00647134
90926,7984.04,40.823429,-73.924689
90934,4880.11,40.70183,-73.90625
90946,6621.06,40.757357,-73.904726
90996,8624.01,40.8660052,-73.904254892
91015,8679.03,40.86932465640094,-73.91519755125046
91031,3011.03,40.641269,-74.017651
91048,7821.01,40.814469,-73.924963
91062,5241.02,40.71429,-73.93323
93285,5470.12,40.72019521437465,-74.0103006362915
98312,8597.01,40.86557,-73.88807
101000,5382.07,40.71779817737835,-73.99316132068634
101021,8316.02,40.847305,-73.933291
107660,7816.14,40.814383,-73.915368
113087,4137.14,40.67818387977647,-74.0170168876648
115959,5065.1,40.70706456,-74.00731853
116017,6364.1,40.74964,-73.98805
116020,5492.05,40.722103786686034,-73.99724900722504
118417,7652.04,40.8013066,-73.9398167
118441,7769.06,40.812191,-73.937838
118447,7281.09,40.7801839724239,-73.97728532552719
118450,7504.18,40.791976,-73.945993
118467,8384.03,40.850036,-73.912785
118478,4553.04,40.69128258,-73.9452416
118505,6889.12,40.76663814,-73.95348296
118507,3240.15,40.649037,-73.97673
118508,7631.23,40.801694,-73.957145
118509,5034.03,40.70553,-73.9096
118538,5137.1,40.71146364,-74.00552427
118835,6425.04,40.751396,-74.005226
123401,4440.02,40.68706579875912,-74.01675585121666
123546,5578.02,40.72405549,-74.00965965
124700,6297.07,40.747968,-73.996637
124910,5117.05,40.70877084,-73.95095259
124936,3344.02,40.651566,-73.972212
124986,4914.03,40.70076,-73.93641
124987,8057.02,40.829608,-73.921461
124989,4590.01,40.69231660719192,-74.01486575603485
127493,6664.05,40.75742,-73.945133
127641,6203.02,40.74524768,-73.94733276
128873,5922.08,40.73652889,-74.00618026
128926,7830.03,40.814232,-73.903927
130651,8111.04,40.83173,-73.922394
130664,5788.12,40.73223272,-73.98889957
130717,6538.11,40.75473,-73.93367
130996,6682.08,40.759107,-73.959223
132181,5128.04,40.71117444,-73.99682619
132273,3272.01,40.648055,-73.972432
135290,4203.04,40.67945,-73.90474
139207,7074.01,40.772717,-73.906127
139345,8198.05,40.839312,-73.922423
139384,7186.15,40.7774552,-73.9225403
139425,3202.06,40.646351,-74.009271
141736,5403.05,40.71929301,-73.94500379
141941,8734.04,40.87382,-73.88661
141942,8183.02,40.838706,-73.927034
147826,3243.02,40.649143,-74.012384
203478,2872.02,40.63766,-74.01782
224283,7940.02,40.82057,-73.917579
233295,8141.01,40.83579,-73.913741
234022,8550.04,40.86008,-73.90079
259579,6526.05,40.75461,-73.99177
259582,6212.08,40.7449067,-73.9534573
259587,6955.05,40.768333,-73.992573
261982,4175.15,40.6772744,-73.98282002
261983,8123.02,40.83299,-73.94592
261986,7636.05,40.8029263,-73.9379
261997,7682.01,40.8045555,-73.9396861
262001,4700.06,40.69608941,-73.97803415
262009,7640.04,40.8014866,-73.9442507
262010,7458.03,40.78839,-73.9747
262011,4724.03,40.69610226,-73.96751037
262012,8085.05,40.830663,-73.941323
262022,5470.1,40.721319,-74.010065
262030,4821.06,40.69991755,-73.98971773
262036,4927.04,40.70224,-73.982578
262039,5204.05,40.71285887,-73.96590294
262042,6286.02,40.74731,-73.95451
262049,3564.04,40.657743,-74.001141
262052,7388.1,40.78720869,-73.98128127
262057,8060.01,40.830051,-73.892103
262062,4526.01,40.69047,-73.923511
262063,5115.01,40.70863,-73.91497
262064,4968.03,40.70296934155272,-73.98469090461731
262066,6747.07,40.76171227910671,-73.98655101656914
262067,7414.17,40.7877214,-73.94728331
262073,4732.04,40.69580705,-73.97355569
262078,7599.09,40.797911,-73.9423
262083,8069.01,40.829523,-73.944279
262113,8210.01,40.839278,-73.945446
262132,6535.04,40.75516719072139,-74.00059908628464
262147,7286.01,40.78115276427916,-73.94963040947914
262148,4936.14,40.703212,-73.990409
262149,7595.17,40.7969347,-73.9643412291
262150,7260.09,40.77966809007312,-73.98093044757842
262151,7863.03,40.81734,-73.922962
262154,4718.08,40.69535693320225,-73.99344027042389
262156,7759.08,40.81093,-73.921606
262157,7409.08,40.7867947,-73.977112
262161,7688.12,40.805159,-73.954692
262180,6876.04,40.76590936,-73.97634151
262182,7971.07,40.82281,-73.937413
262183,4434.06,40.686203,-73.944694
262195,5679.05,40.72706363348306,-73.99662137031554
262201,4623.02,40.693,-73.90824
262202,7059.08,40.77237,-73.99005
262205,4546.05,40.6917823,-73.9737299
262206,7456.03,40.7892529,-73.93956237
262215,4812.02,40.69839895,-73.98068914
262218,4479.08,40.688417427540834,-73.98451656103134
262220,7735.05,40.81014,-73.93973
262221,8065.13,40.82923,-73.936996
262222,7450.05,40.7949879,-73.9333349
262224,6569.07,40.75462324029105,-73.99516761302948
262246,7288.04,40.78057799010334,-73.98562431335449
262253,7738.04,40.80949534777948,-73.94776493310928
262256,3762.08,40.6662078,-73.98199886
262257,4587.02,40.69178,-73.97877
262258,7803.08,40.813224,-73.930605
262266,4668.08,40.69474881,-73.98362464
262267,8000.02,40.823732,-73.919379
262268,7883.09,40.81872569990116,-73.88862490653992
262275,6560.01,40.75513557,-73.98658032
262276,4735.03,40.69811,-73.90904
262278,4748.07,40.69623297129316,-73.99142056703568
262279,7580.01,40.7973721,-73.97041192
262281,4628.05,40.69196566,-73.9813018
262285,7870.02,40.81899,-73.90202
262292,8020.01,40.827629,-73.886659
262300,7180.02,40.77565541,-73.95068615
262301,4470.09,40.68700231292619,-73.97664964199066
262303,5561.06,40.72456089,-73.99565293
262304,7959.18,40.822756,-73.951346
262305,5545.01,40.72412944090093,-73.97901266813278
262306,7726.02,40.808384,-73.923604
262308,6379.03,40.75001986,-73.96905301
262318,6303.01,40.74714,-73.97113
262320,7563.06,40.796879,-73.937261
262321,7851.04,40.815484,-73.935856
262330,5074.08,40.70793,-73.91092
262334,3507.04,40.656633,-73.983864
262341,8179.03,40.83649,-73.918316
262344,7898.03,40.818477,-73.947568
262352,7948.1,40.821967,-73.896752
262409,6676.02,40.75929124,-73.98859651
262410,4010.01,40.673134,-73.969106
262411,4033.06,40.6741806,-73.9564947
262418,4386.05,40.68415748,-73.96922273
262421,4441.06,40.68663,-73.9168
262469,8425.01,40.853686,-73.912498
262476,7655.22,40.8025566,-73.9490782
262482,7722.06,40.808633,-73.916124
262485,5207.01,40.71273266,-74.0046073
262486,4157.15,40.67767534269111,-73.96902143955231
262490,5359.11,40.717571,-74.005549
262491,8546.06,40.861915,-73.894831
262492,5178.06,40.711863,-73.944024
262495,8407.03,40.851788,-73.916418
262496,3460.04,40.656326,-74.009627
262497,7840.11,40.814673,-73.91839
262512,7293.1,40.781410700190015,-73.95595908164978
262514,7716.19,40.806414,-73.936085
262518,7767.06,40.812769,-73.901583
262519,7528.31,40.7934337,-73.94945003
262523,5450.04,40.72079821,-73.95484712
262543,3306.03,40.649983,-74.005144
262544,8416.1,40.852253,-73.931308
262585,3865.05,40.668132,-73.97363831
262588,7625.18,40.8005385,-73.9419949
262589,4861.05,40.7003,-73.991581
262590,6740.01,40.76132983124814,-73.97982001304626
262591,3996.01,40.67260298150126,-73.98983001708984
262596,8160.03,40.835334,-73.9154
262598,7872.03,40.817245,-73.938787
262605,4895.03,40.702461,-73.986842
262607,7670.09,40.804372,-73.951475
262617,7432.09,40.7882213,-73.97041561
262618,5755.09,40.73049393,-73.9957214
262619,4821.1,40.70076308326151,-73.98869812488556
262622,7832.04,40.813619,-73.939336
262624,3394.03,40.651654,-73.981231
262625,4762.05,40.69795031569544,-73.97077560424805
262627,7463.09,40.7903051,-73.94755757
262636,6164.09,40.74311555376486,-73.98215353488922
262637,7092.06,40.77314236,-73.95856158
262640,4446.01,40.6867443,-73.99063168
262642,5106.04,40.709697,-73.907856
262643,6450.12,40.751551,-73.993934
262644,7304.08,40.78275,-73.97137
262645,3620.02,40.660906,-73.983074
262646,8072.06,40.83130549267296,-73.91744792461395
262653,5623.03,40.724812564400175,-73.94752621650696
262654,7541.01,40.7937704,-73.971888
262656,7253.04,40.77896784,-73.97374737
262657,7432.04,40.79017948095081,-73.97288918495178
262658,7623.13,40.8013434,-73.9711457439
262660,6306.01,40.745686,-74.005141
262694,5225.02,40.71246,-73.91873
262726,3347.03,40.651354,-74.007168
262732,7756.1,40.8114323,-73.9518776
262734,4903.09,40.702709,-73.99253
262738,7809.13,40.81449,-73.936153
262739,6953.08,40.7689738,-73.95482273
262762,4010.13,40.6750207,-73.97111473
262763,6157.04,40.74198159994023,-74.00831580162048
262764,7149.05,40.7746671,-73.98470567
262765,6659.01,40.75714758,-73.97207836
262777,4821.03,40.700119,-73.9862
262788,4637.06,40.69241829257847,-73.98949474096298
262789,7121.05,40.77477944895728,-73.95427465438843
262790,4710.06,40.695065,-73.987167
262791,7748.02,40.810224,-73.937195
262795,8366.07,40.848354,-73.918389
262796,6948.1,40.76695317,-73.98169333
262798,6925.09,40.7687620293096,-73.95840793848038
262799,6717.06,40.76019252,-73.9912551
262801,4550.05,40.68929,-73.90951
262802,5593.04,40.7262807,-73.98978041
262803,7123.04,40.77515953434235,-73.98918695747852
262804,3919.07,40.6707767,-73.9576801
262808,7795.09,40.8125511,-73.9492286
262809,5024.09,40.70772198491691,-74.00438636541367
262822,7719.13,40.807347437082,-73.90809774398804
262828,6847.02,40.7652654,-73.98192338
262838,3803.09,40.668127,-73.98377641
262839,7360.1,40.78524672,-73.97667321
262841,4663.02,40.69385,-73.90974
262870,7365.08,40.7859201,-73.94860294
262879,7712.06,40.808484,-73.928803
262881,4596.05,40.69221589,-73.9842844
262883,6331.01,40.749156,-73.9916
262891,4939.07,40.702013,-73.923769
262893,6115.09,40.74275382865903,-74.00747358798981
262898,5145.02,40.709267,-74.013247
262904,7161.08,40.77632142182271,-73.96427392959595
262905,8353.09,40.84925,-73.93022
262906,7634.01,40.8008363,-73.9664492472
262907,6854.05,40.76360467795863,-73.98917958140373
262914,4804.02,40.69985,-73.97141
262915,4707.04,40.69527008,-73.95238108
262920,6441.01,40.75097711,-73.98765428
262921,6816.07,40.76370739,-73.9851615
262935,3523.06,40.656986,-73.998194
262936,6089.07,40.74025878,-73.98409214
262937,8582.02,40.86389,-73.89246
262950,4689.03,40.69544,-73.93223
262953,8049.05,40.826881,-73.941427
262954,3928.08,40.6716493,-73.9631145
262955,7443.17,40.78813,-73.95206
262960,7744.06,40.810893,-73.927311
262964,5374.01,40.7172274,-73.98802084
262966,8472.08,40.85556,-73.89615
262967,4713.01,40.69676,-73.92302
262968,4184.07,40.6786115,-73.99037292
262969,4677.01,40.69597683,-73.99014892
262983,5523.02,40.72229346,-73.99147535
262989,4707.03,40.69539817,-73.94954908
262995,4225.14,40.680611,-73.99475825
263000,6064.08,40.73971301,-73.99456405
263010,7879.01,40.816827,-73.917338
263011,8077.07,40.830262,-73.923391
263018,8013.07,40.827212,-73.942722
263024,4208.01,40.678970070475735,-73.97855266928671
263025,6551.02,40.75500254,-73.98014437
263026,4936.01,40.70255088,-73.98940236
263027,4452.03,40.68676793,-73.95928168
263028,7927.08,40.821075,-73.895069
263030,7511.19,40.792255,-73.952499
263043,5082.08,40.70907,-73.92157
263054,6517.08,40.75492,-73.98455
263063,8114.02,40.831998,-73.892686
263071,7745.07,40.8109494,-73.9634
263075,5532.01,40.72362738,-73.99949601
263089,7014.12,40.77003010255044,-73.9819684624672
263091,5181.04,40.71219906,-73.97948148
263092,4792.03,40.700003,-73.92834
263093,8092.06,40.83196,-73.91956
263098,7840.05,40.816402,-73.919549
263117,3651.04,40.6610633719006,-73.97945255041122
263118,6593.15,40.756951,-73.982631
263122,4319.07,40.6823687,-73.944118
263123,7622.12,40.8006721,-73.9349
263124,7540.02,40.7945663,-73.9362541
263126,4853.06,40.70133448066992,-73.98471236228943
263128,4095.1,40.6758329439129,-74.01472628116608
263130,7712.04,40.807466,-73.927107
263131,4010.15,40.6729679,-73.97087984
263132,7753.13,40.8107922,-73.9430681
263134,6904.06,40.766368,-73.971518
263143,8563.06,40.861382,-73.925591
263147,8428.03,40.853157,-73.918214
263149,5303.06,40.71559509,-73.9870295
263157,4413.08,40.686371,-73.99383324
263160,7654.04,40.804168,-73.911545
263163,6190.08,40.74317449,-74.00366443
263164,5001.08,40.70569254,-74.01677685
263224,8016.07,40.825716,-73.915585
263256,7382.04,40.78499979,-73.97283406
263273,3699.07,40.663493,-73.991007
263296,8029.28,40.826406,-73.937948
263303,8137.06,40.834857,-73.903743
263331,5297.02,40.7153379,-74.01658354
263333,6955.01,40.768254,-73.988639
263345,6345.08,40.74803319428767,-73.973827958107
263352,8441.05,40.853646,-73.908731
263357,5820.08,40.73153937464073,-73.9853024482727
263369,5503.01,40.72226,-73.93889
263373,4971.01,40.704876,-73.919911
263387,5190.09,40.711471394469264,-73.98672603070736
263396,4151.01,40.6787242,-73.99599099
263404,6732.01,40.761573,-73.972628
263406,8119.05,40.833303,-73.939326
263409,3731.11,40.663779,-73.98396846
263416,8336.02,40.848467,-73.936064
263421,4255.05,40.68216564,-73.95399026
263429,5379.09,40.7190095,-73.95852515
263430,8583.02,40.863124,-73.926994
263437,3696.05,40.6630619,-73.9538746
263451,4051.01,40.675146838709786,-73.97523209452629
263456,8579.09,40.862638,-73.92006
263460,4161.01,40.6786,-73.90369
263464,5288.09,40.71473993,-74.00910627
263468,3803.05,40.6663181,-73.9854617
263471,3451.01,40.654098,-74.001131
263477,5025.02,40.70555,-73.90245
263479,6801.01,40.76350532,-73.97109243
263480,5073.07,40.70806582380646,-74.0135595202446
263481,6197.08,40.74322681432173,-73.97449783980846
263482,4732.08,40.697787,-73.973736
263536,6932.15,40.7691572,-73.96703464
263540,3498.09,40.657265,-73.974165
263558,8605.06,40.8649213,-73.9024238
263562,6541.03,40.7546011026,-73.971878855
263563,5788.13,40.73020660529954,-73.99102628231049
263579,3905.15,40.6703837,-73.97839676
263582,8535.01,40.85834,-73.90626
263627,4840.06,40.70099,-73.93921
263661,4110.1,40.6777287,-73.99364123
263711,8320.01,40.84522,-73.940493
263717,3460.01,40.65708866668485,-74.00870203971863
263737,5430.08,40.71911552,-74.00666661
263750,7737.06,40.808891,-73.91081
263763,5294.04,40.714211,-73.981095
263764,6920.03,40.76584941,-73.98690506
263765,6998.08,40.77118287540658,-73.96409422159195
263769,4281.08,40.680944723477296,-73.97567331790923
263782,8033.09,40.827075,-73.945909
263795,6098.1,40.73988840858996,-73.98958593606949
263803,6474.11,40.752062307,-73.9816324043
263806,8100.01,40.830702,-73.936371
263810,7687.05,40.805089,-73.918889
263811,7212.05,40.77801203,-73.95407149
263825,7886.02,40.818299,-73.960405
263828,3208.07,40.646037,-73.980963
263829,4278.03,40.682601,-73.938037
263831,4143.03,40.67909799721684,-73.98765474557877
263833,8226.06,40.84089603193041,-73.93972098827362
263846,7981.16,40.824686,-73.951947
263879,4765.07,40.69812,-73.90271
263894,7997.08,40.825244,-73.947257
263895,4608.01,40.69329,-73.92852
263898,5348.02,40.716887,-73.963198
263900,4898.02,40.7027,-73.92095
263901,4237.01,40.6814598,-73.934903
263907,5626.15,40.72633085971696,-73.98616880178452
263920,3987.06,40.6728155,-73.98352355
263932,4045.01,40.67434,-74.00194698
263937,5018.06,40.70539,-73.92976
263938,4628.07,40.693534,-73.981909
263940,7154.07,40.77573034,-73.9567526
263952,4510.04,40.6894932,-73.942061
263989,5696.03,40.7277140777778,-74.01129573583603
263993,3955.05,40.6705135,-73.98876585
263994,5270.05,40.71406667,-73.99293911
263998,4993.02,40.7047177,-74.00926027
264007,4116.08,40.6769694,-73.96579
264021,8226.07,40.84210236102173,-73.9422395825386
264024,8249.1,40.840683,-73.915073
264027,4249.1,40.68177810928762,-73.97988975048065
264035,5335.07,40.71511871996496,-73.98417055606842
264044,8008.03,40.826303,-73.898751
264046,7084.12,40.7728384,-73.94989233
264055,5644.05,40.726378,-74.000472
264056,8441.01,40.85322,-73.90546
264059,5669.1,40.7284186,-73.98713956
264064,7713.11,40.8082,-73.9641
264065,7741.01,40.81,-73.9551508
264067,7881.09,40.818212,-73.955277
264070,6322.01,40.74765947,-73.98490707
264072,5613.04,40.72577,-73.94173
264092,5788.16,40.73127,-73.98849
264095,4054.02,40.6753274,-74.0100698
264096,4634.02,40.69331716,-73.95381995
264097,3547.04,40.658489,-73.985543
264103,5329.03,40.71754834,-74.01322069
264107,4762.04,40.69794,-73.96986848
264129,5010.02,40.705614,-73.92153
264130,4461.04,40.68940747,-73.96885458
264132,4743.04,40.69714,-73.91566
264133,5090.06,40.70686,-73.92851
264154,6720.07,40.759604471387945,-73.92714411020279
264155,7704.04,40.8078316,-73.949373
264156,3579.04,40.65949055893896,-73.98013919591904
264157,7667.04,40.80295,-73.942954
264158,8303.06,40.846221,-73.909232
264159,3093.07,40.642622,-74.016866
264164,4654.01,40.69517,-73.90311
264167,4354.07,40.68382604,-73.97632328
264185,5051.02,40.70538,-73.92535
264186,7876.07,40.81900581806558,-73.94476890563965
264187,4931.05,40.703545,-73.917775
264188,5288.12,40.71485150526252,-74.01122331619263
264217,8009.05,40.825289,-73.936232
264219,5914.03,40.73532427,-73.99800419
264229,4175.14,40.6792788,-73.98154004
264235,6560.15,40.7529728216068,-73.98734897375107
264238,8566.05,40.861669,-73.898589
264245,7524.09,40.7941654,-73.974124
264248,7286.05,40.7817212,-73.94594
264256,6991.12,40.77112927,-73.95772297
264257,4060.09,40.6751622,-73.9814832
264259,4954.07,40.70408,-73.90408
264260,4697.01,40.69622937,-73.94371094
264265,3914.02,40.6704922,-73.98541675
264282,7910.1,40.821111,-73.935971
264283,7992.04,40.825125,-73.941616
264286,6611.02,40.75660359,-73.9979009
264288,4801.04,40.697481,-73.935877
264291,4781.03,40.69766564,-73.98476437
264294,4832.07,40.70112,-73.93039
264297,8054.04,40.829114,-73.950426
264301,4715.01,40.694546087246025,-73.95801365375519
264302,5476.03,40.7208736,-73.98085795
264305,7028.04,40.7699426,-73.96060712
264317,7286.02,40.782454175279874,-73.9489196240902
264319,4124.04,40.6803560840434,-73.9476791024208
264320,4437.01,40.68683208,-73.9796772
264321,7407.13,40.7869946,-73.94164802
264324,7207.08,40.77748046,-73.98288594
264339,6055.08,40.73827428,-73.98751968
264340,6173.08,40.74286877312112,-73.98918628692627
264346,4354.05,40.68539567,-73.97431458
264347,6602.03,40.75640548,-73.9900262
264354,4889.06,40.701907,-74.013942
264361,6474.12,40.752165280621966,-73.97992193698882
264402,4756.04,40.698458,-73.997178
264408,6779.05,40.76344058,-73.98268129
264409,4906.07,40.702997,-73.92997
264415,6233.05,40.74334935,-74.00681753
264416,3588.01,40.659053,-73.98854
264418,4947.04,40.702831,-73.9333
264419,6450.05,40.7505853470215,-73.9946848154068
264421,5175.08,40.711066,-74.009447
264425,7436.11,40.7892105,-73.94370784
264426,5216.06,40.71221958009051,-74.01047229766846
264429,7602.05,40.7987859,-73.9523
264434,4395.07,40.68506807308177,-73.97790759801863
264435,4993.13,40.70336686695866,-74.007867872715
264439,4665.02,40.69425403,-73.94626915
264440,8085.09,40.832314,-73.94102
264445,3161.02,40.645921,-74.005708
264446,4217.02,40.6802133,-73.98432695
264447,8582.09,40.861748,-73.89105
264449,7393.09,40.787801,-73.953559
264450,8323.05,40.84741,-73.911359
264452,4157.1,40.6794388,-73.9680438
264453,6122.09,40.74172351097472,-73.97809267044067
264464,8103.05,40.832678,-73.905158
264474,7783.18,40.8120562,-73.9612547
264503,7814.01,40.813539,-73.94521
264504,8500.01,40.856302,-73.907302
264509,4345.11,40.68323865460341,-73.96599590778351
264511,7820.05,40.813991,-73.8855
264520,5351.03,40.71602118,-73.99974372
264521,7538.14,40.795,-73.9645
264523,8096.02,40.831444,-73.926226
264524,8344.09,40.8496401,-73.9161206
264525,8145.03,40.833909,-73.92112
264531,6809.09,40.763189,-73.978434
264532,7175.05,40.7770575,-73.97898475
264534,4513.09,40.690065,-73.978776
264537,6575.03,40.755293,-73.967641
264544,6266.06,40.7454973,-74.00197139
264548,8532.03,40.859166,-73.933872
264549,7484.05,40.789622,-73.97757
264553,6839.04,40.76302594280519,-73.97209525108337
264554,7204.08,40.7779453,-73.946041
264561,4846.01,40.70122128,-74.01234218
264565,8653.09,40.86874,-73.89657
264566,5626.06,40.72479007746337,-73.98430064320564
264571,3668.04,40.662584,-73.995554
264575,4591.04,40.69055,-73.91181
264621,5470.13,40.71988799798129,-74.0086269378662
264625,4620.02,40.69308257,-73.97178913
264628,7596.1,40.79747,-73.93504
264634,7893.05,40.819241,-73.941057
264636,4528.01,40.69064807082943,-73.95746178925037
264643,8285.09,40.844811,-73.912042
264653,7049.04,40.7724607,-73.9468208
264677,6578.01,40.75594159,-74.0021163
264678,6617.09,40.75828065,-73.97069431
264680,7967.04,40.822217,-73.928939
264683,8133.08,40.833246,-73.896599
264686,5453.05,40.71893904,-73.99266288
264690,6700.14,40.75973805251143,-73.97811613976955
264708,8226.05,40.84004,-73.942939
264710,4921.04,40.70157340873792,-73.90876293182373
264716,8340.05,40.846879,-73.907342
264719,4368.05,40.6851443,-73.95380904
264720,7057.07,40.7727966,-73.95577801
264722,4818.03,40.70029511,-73.95032283
264735,6839.1,40.7643971,-73.97371465
264740,8229.04,40.840494,-73.911479
264745,5653.12,40.72583996792375,-74.0076532959938
264748,3978.13,40.6711978,-73.97484126
264750,6896.16,40.76712840349542,-73.96224617958069
264761,6893.1,40.7658346,-73.9265474
264773,5115.05,40.7098,-73.91727
264775,7639.06,40.801657,-73.909513
264782,6030.06,40.73935542,-73.99931783
264799,6569.09,40.75414519263519,-73.9960889518261
264802,3125.09,40.64471895763575,-73.97451460361481
264807,5259.06,40.71335226222875,-73.9491033554077
264809,5553.1,40.72307749068673,-73.98583620786667
264814,7920.01,40.821728,-73.952761
264827,6224.03,40.74475148,-73.99915362
264831,5308.04,40.71534825,-73.96024116
264832,7141.07,40.77579376683666,-73.9762057363987
264837,3280.04,40.648005,-73.979342
264839,7243.04,40.77862688,-73.95772073
264840,4107.13,40.67759206937376,-73.955637216568
264841,6740.1,40.7606597,-73.98042047
264843,3538.09,40.65629,-73.977335
264850,8601.04,40.86448,-73.89522
264854,3960.01,40.6721683,-73.9609
264864,4399.03,40.68652,-73.91321
264874,6691.11,40.75934501,-73.96759673
264875,4243.01,40.6812117,-74.00860912
264877,4125.07,40.6776147,-73.97324283
264892,7626.02,40.800933,-73.913863
264900,4077.07,40.6763947,-73.99869893
264904,8018.04,40.827305,-73.951989
264907,5616.01,40.72521311,-73.97768752
264912,7727.08,40.80863217506367,-73.95958609887202
264919,5002.09,40.70577,-73.91292
264920,6659.09,40.75863,-73.97513
264946,8157.06,40.835775,-73.9434
264947,4987.06,40.704508,-73.9351
264949,5342.1,40.71605866,-73.99190759
264951,6072.14,40.73944820130404,-74.00507032871246
264952,4432.1,40.6882,-73.90798
264953,8465.01,40.854947,-73.916661
265071,7788.13,40.811892,-73.904192
265365,5043.06,40.70636,-73.91945
265368,6486.07,40.752372,-73.925384
265425,6289.06,40.7462009,-73.98855723
265481,3275.03,40.649145,-74.009486
265489,6352.01,40.74718234,-73.9432635
265529,4446.05,40.6864442,-73.98759104
265561,6737.03,40.7614376,-73.9411265
265578,7119.04,40.7729,-73.916142
265651,5788.15,40.732647,-73.99011
265673,5666.04,40.72708584,-73.95299117
265677,5515.08,40.72334683218016,-73.98265913128853
265722,5626.13,40.72779126,-73.98564945
265724,6879.04,40.76408932350688,-73.91065120697021
265769,5712.03,40.72951496224949,-73.99075269699097
265787,6416.06,40.7500727,-73.99839279
265827,6495.17,40.75186951421875,-73.93349289894103
265832,7144.02,40.776168,-73.910485
265916,5886.02,40.73314259,-73.97573881
265920,5584.04,40.72453734,-73.98185424
265946,5785.1,40.73124,-73.95161
265955,6762.04,40.76312584,-73.96526895
266002,5847.08,40.73191132323174,-74.008769094944
266031,6842.02,40.763328,-73.908782
266047,6151.05,40.74133,-73.93616
266126,7741.04,40.81028506306003,-73.95736455917358
266188,6662.01,40.758057,-73.909831
266258,4298.05,40.6829151,-73.99318208
266298,6860.12,40.76471851944339,-73.96222069859505
266306,5105.09,40.70858894240581,-74.00935482235809
266318,6422.09,40.75118387463277,-73.97138714790344
266319,6723.1,40.759125,-73.962658
266334,3704.04,40.663657,-73.963014
266337,5922.07,40.73535398,-74.00483091
266338,6230.04,40.744219,-73.97121214
266339,5971.08,40.73587678,-73.98205027
266346,7196.04,40.777112,-73.902382
266357,6703.06,40.76072,-73.910989
266360,5445.07,40.720747,-73.986274
266362,4864.09,40.70166,-73.92754
266425,7981.27,40.824013,-73.954743
266436,6395.01,40.75052534,-73.94594845
266461,5847.06,40.73342399437081,-74.00851495563984
266471,4330.09,40.6843549,-73.98901629
266496,6179.07,40.74336608027021,-73.95960688591003
266536,6389.09,40.7494985460252,-73.97729203113158
266552,6756.01,40.76009437,-73.99461843
266589,3736.03,40.665816,-73.956934
266632,4962.01,40.70463334,-74.01361706
266638,5826.02,40.73232194,-73.9550858
266657,6382.05,40.749717753,-74.002950346
266693,6520.06,40.754139,-73.919543
266706,3882.01,40.668603,-73.9904394
266712,6498.09,40.75206862,-73.96784384
266730,6206.08,40.74444921,-73.98303529
266753,6599.01,40.757284,-73.9536
266806,5323.05,40.715353,-73.93856
266818,3046.03,40.643817,-73.977433
266930,6498.1,40.75323098,-73.97032517
266945,4348.07,40.6830456,-74.00348559
266961,5187.03,40.71167351,-73.95141312
266962,5721.14,40.72917025,-73.99810231
267065,8012.04,40.82696,-73.907451
267070,6319.07,40.74737075646803,-73.94777297973631
267084,5746.14,40.72953837,-73.98426726
267090,6441.06,40.75227093837409,-73.98770570755005
267108,6958.06,40.768692,-73.9249574
267142,6462.05,40.7535992020056,-73.93795609474182
267147,7571.01,40.79558,-73.91906
267202,6182.02,40.74238787,-73.99726235
267228,6022.04,40.73726186,-73.99238967
267281,5977.01,40.73555,-73.95284
267312,5772.05,40.73115,-74.00887
267323,5500.02,40.72170005235607,-74.00238141417502
267358,5371.07,40.71766197083994,-73.94880026578903
267393,3887.03,40.6686744,-73.9618148
267436,7111.1,40.774306,-73.908335
267474,8358.03,40.849972,-73.938423
267627,6079.03,40.74144387,-73.97536082
267678,5593.02,40.72502876,-73.99069656
267681,5500.07,40.72243797,-74.00566443
267742,6151.03,40.743,-73.93561
267837,6614.01,40.757186,-73.932719
267838,3492.04,40.655278,-74.003101
267894,5721.01,40.73047747,-73.99906065
267895,5755.14,40.73143724085228,-73.99490341544151
267896,4560.01,40.69122,-73.91693
267949,6459.04,40.75066386,-74.00176802
267950,6926.01,40.76727216,-73.99392888
267951,6224.05,40.74345335,-74.00004031
267960,8655.02,40.868846,-73.931537
268093,6227.02,40.74469738,-73.93540375
268183,7618.01,40.80046,-73.92404
268220,4837.03,40.69969,-73.9022
268232,6656.05,40.7576314,-73.9391224
268255,6981.16,40.7701477,-73.9120938
268297,3665.06,40.6627059,-73.9569115
268327,7514.01,40.79346,-73.92389
268332,3811.05,40.666197,-73.992466
268358,4166.08,40.6793307,-73.97519523
268396,5411.07,40.71924,-73.95242
268400,6453.02,40.752443,-73.929737
268404,5575.08,40.72580614,-73.97422494
268425,7365.13,40.7849032,-73.950503
268434,4979.07,40.704425,-73.92836
268443,6148.02,40.74177603,-74.00149746
268454,5626.07,40.72621788,-73.98379855
268508,7026.08,40.7713615,-73.9246145
268546,5291.05,40.715143,-73.944507
268584,6364.07,40.74901271,-73.98848395
268658,6520.07,40.753091,-73.920603
268724,3779.02,40.666168,-73.995549
268754,5411.08,40.71816969454208,-73.95520135760307
268792,6932.14,40.76780080148132,-73.96592080593109
268851,6638.01,40.756913,-73.921631
268899,6750.16,40.760339,-73.9222427
268909,5785.05,40.73026,-73.95394
269093,6407.07,40.75019995,-73.99093085
269118,4824.03,40.699304,-73.923044
269126,6435.02,40.751555,-73.915026
269140,3850.03,40.6685455,-73.99333264
269235,6137.04,40.7423737,-73.9566
269246,6310.06,40.7485,-73.941275
269252,6602.05,40.7575699,-73.99098507
269258,5362.08,40.71773,-73.94051
269307,5659.05,40.72740794,-73.98142006
269324,6798.01,40.7628138,-73.9342862
269384,6401.01,40.750181,-73.919998
269425,6679.11,40.7580583,-73.9242751
269486,7865.09,40.817555,-73.957163
269487,6529.02,40.7531106,-73.9279917
269488,6994.06,40.768728,-73.890745
269493,5929.01,40.736502,-73.97809472
269508,3596.04,40.660079,-73.998633
269509,5872.1,40.73275887045087,-73.99581670761108
269787,5847.01,40.73291553,-74.00711384
269903,6943.07,40.767666,-73.910963
269934,5584.05,40.7251285241158,-73.98131668567657
269963,5442.09,40.72084,-73.94844
269964,5403.04,40.7169811,-73.94485918
269998,7818.17,40.814394437915816,-73.95324736833572
270009,5300.06,40.7160751,-73.952029
270027,4148.07,40.6791944,-73.9587903
270118,5267.09,40.71469,-73.95739
270137,7144.01,40.7747878,-73.9125551
270150,6248.06,40.7451677,-73.98683077
270153,5520.09,40.724055,-73.955736
270182,7032.02,40.77028,-73.893675
270187,5453.01,40.72110063,-73.9919254
270200,5406.04,40.71926081,-73.98178024
270248,5335.03,40.71622644,-73.98261206
270256,7966.02,40.82394,-73.894025
270268,5569.07,40.72323,-74.00314
270275,5679.08,40.72615604980408,-73.99510189890862
270277,7163.07,40.775415,-73.900063
270326,5267.08,40.71286844,-73.95698119
270558,5880.02,40.73401143,-74.00293877
270559,5545.04,40.72299208,-73.97995466
270581,7342.01,40.783956,-73.916894
270584,4721.01,40.69671,-73.92807
270611,8665.02,40.86989866194045,-73.92076313495636
270763,8514.05,40.858472,-73.90266
270788,5481.04,40.72179134,-73.9504154
270808,5721.07,40.72840059450829,-73.99968780577183
270838,5235.05,40.71260486,-73.96264403
270857,7962.01,40.823162,-73.923267
270866,5922.04,40.73498,-74.00697
270890,8099.04,40.831762,-73.896853
270953,5947.04,40.735445,-73.99431
270979,7858.02,40.817166,-73.914737
270981,4759.02,40.69757,-73.93098
270991,7781.1,40.812735,-73.923697
271040,8732.04,40.873054589370895,-73.91837194561958
271205,5445.02,40.72066442,-73.98517977
271212,6654.05,40.757525,-73.901614
271312,5794.05,40.731734785883454,-73.9612390102593
271404,7003.06,40.7692475,-73.9354504
271413,6596.1,40.754795,-73.917014
271442,5065.12,40.70717936,-74.00887308
271454,7901.04,40.820036,-73.921411
271624,7220.01,40.778089,-73.899558
271765,6545.07,40.754164,-73.908906
271941,7009.06,40.769673,-73.906018
271985,7803.03,40.812304,-73.929153
272062,7691.05,40.805701,-73.925177
272163,8579.03,40.863211,-73.920827
272183,6907.03,40.765753,-73.90676
272413,7202.07,40.77813,-73.90842
272645,8650.11,40.867505,-73.926363
272759,5059.02,40.706237,-73.933871
272772,5198.04,40.71076228,-73.99400398
272784,5159.04,40.71173107,-73.99193043
272870,5365.02,40.71739973,-73.98016555
272873,5238.05,40.71307916,-73.99851193
273244,5027.02,40.705517,-73.93936
273355,5156.05,40.70934,-73.95608
273384,3981.1,40.67363551341504,-74.01195555925369
273395,4377.04,40.68488,-73.96304
273465,7233.05,40.7787185,-73.9145645
273480,5633.04,40.72606,-73.95621
273572,7896.11,40.819823,-73.912411
273635,8149.09,40.834457,-73.928381
273697,4119.04,40.6783563,-74.00014502
273751,8024.05,40.827184,-73.893721
273846,7995.04,40.824,-73.91089
273867,5270.09,40.71310702305908,-73.99446353316307
273899,6644.04,40.75645824,-73.99372222
273940,5326.06,40.71782143,-73.97628939
273982,6887.03,40.76547569244953,-73.91811579465866
274075,8528.05,40.86012,-73.928489
274076,3233.06,40.647105,-74.004483
274173,6247.06,40.746647,-73.993915
274185,7291.06,40.78145,-73.9183302
274193,6711.13,40.75905795418586,-73.91897544264793
274295,7979.01,40.822267,-73.916792
274322,7755.03,40.811112,-73.914932
274324,6901.01,40.7668,-73.9347774
274336,6814.01,40.7639089,-73.9477213
274359,8068.01,40.829896,-73.907618
274413,8004.03,40.824956,-73.891677
274427,5140.06,40.709897,-73.94008
274457,7983.04,40.825322,-73.887729
274588,6572.08,40.75651272984955,-73.92957486212252
274589,7979.17,40.824811,-73.916407
274592,8005.08,40.82441,-73.92818
274634,7009.02,40.7713937,-73.9077436
274691,6587.04,40.755389,-73.911517
274705,8262.07,40.842941,-73.938631
274707,5033.01,40.705945132708806,-74.01321887969969
274759,5099.03,40.707174,-73.93581
274797,7391.02,40.785994,-73.915098
274813,7363.04,40.784003,-73.912297
274853,6774.13,40.761294,-73.909562
274904,5709.03,40.72755807335852,-73.95505852997303
274908,8025.01,40.826677,-73.929327
274935,5506.1,40.72368361,-73.97574813
274958,8715.01,40.872412,-73.912807
274995,3555.04,40.659555,-73.995068
275056,7642.04,40.80262,-73.9174
275105,6563.12,40.7557327,-73.9236611
275121,5736.09,40.72938685,-73.97772429
275199,5125.07,40.70924826276157,-73.96063148975372
275234,7987.14,40.82388366441761,-73.8974027708582
275245,8594.02,40.86308937813274,-73.9175833761692
275254,7944.11,40.821952,-73.888546
275262,5506.14,40.72228087,-73.97668709
275294,8130.02,40.83263,-73.925101
275384,7657.03,40.803399,-73.919763
275429,8048.01,40.82895,-73.90521
275439,8036.05,40.827230499624726,-73.91765579597632
275454,4996.08,40.70510918,-73.94407279
275513,8511.08,40.857994,-73.932173
275562,8715.06,40.87139,-73.914318
275628,5210.01,40.71323,-73.93894
275652,8616.06,40.865364,-73.92791
275729,5036.06,40.70583339,-73.94644578
276146,3007.05,40.642031,-73.981073
276242,6319.01,40.74708586,-73.94977234
276401,4962.08,40.70365182,-74.01167797
276408,8379.07,40.850885,-73.906469
276798,3426.02,40.653368,-73.976291
276897,5099.02,40.71019,-73.93734
276934,8241.07,40.84224,-73.8985
277007,4640.01,40.69356,-73.92524
277176,2883.03,40.638246,-74.024714
277284,8356.04,40.848793,-73.903178
277432,4137.1,40.677236,-74.015665
277437,5433.04,40.71882,-73.93948
277795,3420.01,40.654144,-74.00422
278166,8281.06,40.843264,-73.904867
278580,7974.01,40.823872,-73.908699
278644,3356.05,40.652502,-74.013587
278666,8115.01,40.832812,-73.929372
278672,8327.15,40.846011,-73.919637
279009,3457.03,40.65482,-73.973217
279131,8366.06,40.849629,-73.919205
279136,2832.03,40.637033,-74.022141
279169,4990.02,40.70514807698391,-73.97078096866608
279658,8081.01,40.829797,-73.931015
279669,3532.02,40.659176,-74.006584
279862,3303.01,40.649681,-73.967829
279875,6873.01,40.76535380385866,-73.93986314535141
279953,7891.06,40.817802,-73.905203
280129,3178.02,40.646377,-74.023087
280167,4965.01,40.70411791,-73.94818595
280192,7906.13,40.820089,-73.928947
280288,5137.13,40.7103231,-74.0043228
280416,4672.01,40.69543,-73.9196
280972,8510.02,40.858498,-73.89637
283749,8061.01,40.830179,-73.928747
283802,8278.05,40.844044,-73.933651
283804,8766.03,40.875531,-73.8863864831
283810,4202.04,40.6794327,-74.00785041
284007,3283.05,40.650176,-74.015606
284060,8084.03,40.830471,-73.904556
284173,4086.06,40.6763744,-74.00324957
284407,8163.05,40.836733,-73.887931
284711,8285.11,40.845505,-73.914311
285644,5509.02,40.72231,-74.0106
285815,8734.02,40.87307,-73.88971
285928,8242.04,40.842173,-73.935111
285982,8799.01,40.87812,-73.89192
285987,3704.08,40.66407983678161,-73.96025128666679
286393,4798.02,40.69922,-73.89795
286478,3138.09,40.644512,-74.021506
286573,5051.01,40.707165,-73.923711
286735,5123.07,40.70869,-73.92587
286745,4244.06,40.68139,-73.90756
286852,8478.11,40.855653,-73.905528
287539,4317.05,40.68281,-73.90623
287762,5539.06,40.72185379,-74.00771779
288106,8394.15,40.851113,-73.928808
288330,3315.05,40.651173,-74.011405
288507,8183.08,40.83670566862804,-73.92608866095543
288590,2932.01,40.638799,-74.027472
288638,8218.04,40.839142,-73.925961
288775,8458.03,40.855331,-73.937878
289090,7970.05,40.822545,-73.901824
289341,7842.16,40.816355,-73.954295
290632,8052.02,40.82809,-73.91288
294839,7751.05,40.811314,-73.907729
295207,6996.01,40.7703743,-73.9286078
295341,8236.01,40.841092,-73.892317
295416,5854.1,40.732339777151054,-73.97898383438587
295439,8667.01,40.86945,-73.89148
295474,6966.04,40.7682,-73.9322662
295788,8110.04,40.832649,-73.885272
296054,2961.05,40.640125,-74.015726
296404,6836.07,40.7638753,-73.9364848
296731,5273.01,40.71401,-73.92793
296918,6566.01,40.75370225419114,-73.95865201950072
297534,4374.01,40.68512559515415,-74.02535319328308
297614,8129.02,40.834124,-73.88955
299031,3090.06,40.642809,-73.979239
300080,8483.02,40.855156,-73.91278
301367,8738.01,40.87387,-73.89533
301726,8646.02,40.86814,-73.88145
302318,8647.07,40.8676583895191,-73.91675725579262
302883,3129.08,40.643371,-74.011884
303306,8639.01,40.866899,-73.901942
303639,8048.04,40.828199,-73.903719
303799,8535.09,40.8604787,-73.9057169936
304594,8462.09,40.85501,-73.910751
304861,8717.07,40.87207,-73.88459
306014,8064.03,40.82995,-73.898802
306210,8381.04,40.85168,-73.94186
308633,7032.06,40.772092,-73.895166
308848,8748.02,40.8740704,-73.8833650931
308899,8571.02,40.86288,-73.90316
310609,8550.01,40.860814,-73.902541
310813,8631.03,40.867,-73.8857764
311255,2951.05,40.639673,-74.008957
311704,8795.03,40.877964,-73.8847550291
312963,8635.08,40.86767,-73.89286
313851,4013.08,40.6747055,-74.0075572
314750,7210.07,40.778557,-73.919046
315498,8362.09,40.850121,-73.910765
317577,2782.02,40.635679,-74.020005
317761,2912.08,40.638196,-74.013821
318372,8590.01,40.86295,-73.90741
319936,2923.01,40.639859,-74.019776
322847,7844.05,40.816126,-73.891559
326448,6964.05,40.76817,-73.896293
326883,7060.02,40.770888,-73.889914
332712,6927.03,40.768442,-73.893531
332727,7170.04,40.776745,-73.906558
334158,8209.01,40.83899,-73.9109
345031,8615.01,40.86648,-73.89042
347805,8435.06,40.853929,-73.898385
348427,8245.03,40.842675,-73.908544
363149,7867.04,40.818185,-73.894143
363669,8703.05,40.87142,-73.88839
366102,8494.06,40.8558,-73.89956
396513,7132.08,40.77485,-73.9342
403621,8539.02,40.859532,-73.913303
635056,8696.05,40.871094,-73.911503
758678,7613.04,40.800425,-73.911034
1052568,5230.02,40.71332151208186,-73.99009689688683
1052730,5024.1,40.706410755236135,-74.00559738278389
1053500,6089.11,40.74069317733043,-73.98160636425018
1053502,5886.13,40.733208626522426,-73.9756813647
1054065,5971.09,40.73716919369882,-73.98122549057007
1058710,7845.06,40.816576,-73.927987
1060500,5805.07,40.73213896287381,-74.00363802909851
1063409,5343.11,40.717318403855785,-73.99067759513855
1064666,6611.05,40.75630628938069,-73.99951145061095
1065874,7482.15,40.790586067792006,-73.94195795059204
1085811,5430.1,40.7197920901383,-74.0052238852195
1092522,3038.08,40.642501,-74.006055
1148665,5453.06,40.72054,-73.9949
1190199,6373.07,40.74965268472847,-73.9952078461647
1217084,8428.04,40.853827,-73.920765
1352794,5779.11,40.73031071000895,-73.98047178983688
1352879,5703.13,40.72854745023944,-73.98175925016403
2085800,6809.07,40.76340613,-73.97722479
2291217,5021.05,40.706563674670925,-73.9683187007904
2314408,7256.01,40.78001336610564,-73.90667617321014
2331757,7940.04,40.82123860172,-73.9173299074173
2342820,8435.04,40.854123869116,-73.89932222664356
2412591,8469.05,40.85589030603889,-73.92708241939545
4179635,6884.03,40.765959181657976,-73.98313522338867
4179718,7538.18,40.79249519495111,-73.96417066463071
4180077,5368.03,40.71759894980997,-74.01587963104248
4180104,6098.12,40.73866091428551,-73.98987293243407
4180347,5351.07,40.717411,-73.999573
4181444,7121.02,40.77391390238118,-73.9543953537941
4181543,6474.02,40.752269,-73.982079
4181681,6526.01,40.752762088742045,-73.99280458705107
4187295,7587.16,40.79752078124756,-73.9489397406578
4214657,4962.02,40.70366170524135,-74.0131813287735
6499972,7034.08,40.77174859010057,-73.9316126704216
6500549,7344.05,40.7835016,-73.955327
6502197,3660.07,40.66093779493168,-73.98680448532104
6503207,5329.08,40.715001345,-74.012404084
6505327,4920.13,40.70188858913366,-74.01089876890182
6507849,5470.02,40.71996118117138,-74.00844320654869
6593816,8494.01,40.85670801831255,-73.90265285968779
9439876,7803.02,40.81263616769319,-73.92924964427948
9440221,6560.14,40.754818,-73.988154
9440758,2932.03,40.639421,-74.026823
9440924,6224.06,40.74591072834279,-73.99807110428809
9441573,6492.04,40.75377336836039,-73.99937599897385
9443899,6398.08,40.74848023448579,-73.98255586624146
9468101,6185.04,40.74283,-73.9321
9494161,6334.03,40.7471482490328,-73.92902433872223
9530813,5917.02,40.73565914819229,-73.93478840589523
9558995,6110.01,40.740821207823245,-73.93147185444832
9591823,5883.06,40.73443564069459,-73.93790781497955
9594296,5992.02,40.737860084,-73.930250883
9743106,5323.06,40.71534162042448,-73.93865078687668
9746859,5896.01,40.73431166276575,-73.98372530937195
9751699,6143.01,40.74221834996096,-73.92935156822205
9760662,6260.04,40.744106889,-73.929055929
9768082,8647.1,40.86709406268147,-73.9172950387001
9771059,7034.09,40.77171710520828,-73.93159255385399
9775512,6300.04,40.746558547,-73.932311654
9778047,6001.01,40.73866345465306,-73.94093804061413
9797686,8432.11,40.85318758861975,-73.92715752124786
9887274,6033.01,40.74021356884924,-73.93537044525146
12872791,6242.1,40.74451,-73.91412
12872873,6092.01,40.74086,-73.91708
12872879,6016.06,40.73737,-73.91803
12873222,5983.04,40.73787237950538,-73.92264068126678
12873407,6283.05,40.74622874694195,-73.91616314649582
12873578,6251.06,40.745317936,-73.921915412
12873636,6158.02,40.74193,-73.90913
12881134,6209.05,40.7448062877224,-73.91728967428207
12884781,6316.05,40.74732,-73.91197
12913023,6176.11,40.743540273428685,-73.92435193061829
12914122,6502.01,40.753177881,-73.905869246
12957076,6101.11,40.73985995699164,-73.92400324344635
12960200,6134.13,40.74110508,-73.921078563
12977962,6167.03,40.7429,-73.91395
13020837,6200.03,40.744588375,-73.911557913
13066105,8559.04,40.86169883507865,-73.91855701804161
13162986,6292.03,40.74562,-73.92402
13323202,6134.03,40.7424,-73.91808
13325394,6349.03,40.74838,-73.90699
13334982,6025.08,40.73824937345944,-73.92737478017807
13403357,6276.05,40.745419979,-73.909837604
14250216,6158.06,40.743102908,-73.908165455
14251587,6435.03,40.750097682094825,-73.91349703073502
14252120,6325.01,40.74692675687384,-73.9208248257637
14259819,6143.05,40.74215636827728,-73.92662644386292
14260037,6358.05,40.749936223,-73.915373087
14265514,6209.08,40.743573666,-73.918662906
14265603,6218.04,40.74431,-73.92601
14266461,5096.12,40.7075188830923,-74.00108054280281
14266924,6058.08,40.73941387498411,-73.92131969332695
14269314,6067.01,40.74034668087185,-73.92886072397232
14286280,6392.02,40.74891,-73.90899
14419023,6468.01,40.75098,-73.90799
16374622,6191.06,40.74501,-73.9036
16383341,6234.04,40.74521,-73.90462
16387000,6569.1,40.75561113529378,-73.99373665452003
16391667,6426.05,40.75048,-73.90513
16408592,6276.02,40.74679,-73.90893
16485737,6422.08,40.75022392,-73.97121414
16501317,6401.03,40.74947822183477,-73.91826465725897
16629341,6234.03,40.74549,-73.90605
16640073,8076.08,40.830364704,-73.886128306
16712698,4199.13,40.67911856082165,-73.97176265716553
16771840,6307.07,40.7471,-73.9028
18419671,6076.02,40.7413272,-73.937999
20051476,5359.13,40.71688538495366,-74.00650128722191
20052453,6107.08,40.740687013,-73.998718858
20056366,5164.05,40.71036129922581,-73.96530389785767
20056675,6108.03,40.74179,-73.89564
20056720,6149.02,40.743324757,-73.899063587
20074395,6116.03,40.740975976,-73.902722597
20075495,6013.12,40.73795,-73.98509
20076251,3460.05,40.748069167,-73.97443378
20078974,4648.03,40.6938,-73.93114
20085347,6786.02,40.76153045158114,-73.99007007479668
20105450,6460.06,40.75201,-73.89986
20108778,4543.07,40.689988494,-73.93656683
20110091,5998.09,40.7388,-73.90338
20124893,6267.08,40.74589,-73.89915
20149336,8428.05,40.853075027,-73.918337703
20150629,6258.03,40.744786263,-73.893819094
20184107,4582.08,40.690434,-73.903737
20246674,4458.06,40.68834,-73.93306
20264033,3019.03,40.64243139706092,-74.0255355834961
20277073,6417.04,40.75053,-73.8977
20472291,6417.11,40.7493722738996,-73.89738768339157
20607041,6191.04,40.74261,-73.903
20610666,6340.09,40.74893,-73.89981
20978919,6183.03,40.7428,-73.89584
21205059,6225.03,40.74446,-73.89764
21253020,2821.05,40.635468602,-74.013102531
21253229,7942.07,40.821729422,-73.95364213
21253807,5636.13,40.724737883,-73.991901875
21253868,6383.02,40.74958,-73.90256
21841376,6141.02,40.742961884,-73.892902732
21842329,4895.15,40.70140463410644,-73.98768022656441
22441398,4467.03,40.686722,-73.938988
23559039,5772.07,40.731421,-74.01078
23559177,4416.1,40.68713,-73.93008
23559336,4479.1,40.688735127,-73.985372543
23559411,5105.01,40.70905623,-74.01043382
23559550,4228.06,40.680475473,-73.92823422
23561136,4138.04,40.678655028,-73.913730383
23561656,4212.01,40.680094123,-73.911557317
23563140,6617.02,40.75763227739443,-73.96930575370789
23563927,4383.06,40.68454,-73.9322
23563942,4450.06,40.68705,-73.92338
23567002,4556.08,40.69068758614303,-73.98347854614258
23568561,4565.07,40.6910363748993,-73.99201065301895
23572212,4196.05,40.68012,-73.93168
23587593,4334.02,40.684915662,-73.922751307
23591638,4261.03,40.68143,-73.92565
23593161,4342.04,40.68487,-73.9293
23620206,4325.03,40.68491,-73.91493
23624398,4491.09,40.688131928,-73.926908612
23636885,4179.03,40.67853,-73.91642
23636982,4087.01,40.67621,-73.90351
23637278,4293.05,40.68158,-73.91959
23637749,4187.04,40.67923,-73.92588
23665203,4170.08,40.678738832,-73.911097169
23758850,4253.02,40.6814658848122,-73.91415685415268
26580730,7727.07,40.8086249,-73.9596214
26580989,3984.02,40.67234,-73.94763
26581180,4074.14,40.676513,-73.959431
26583708,4172.04,40.67955,-73.94709
26584091,4098.06,40.675257444,-73.947408319
26585157,4220.02,40.67922,-73.92192
26588293,4181.1,40.68012,-73.95362
26589051,4140.03,40.677737713,-73.949461102
26589899,3943.03,40.67113,-73.94222
26590298,6514.03,40.75408220615571,-73.94942253828049
26594353,4689.08,40.69465,-73.9343
26597157,4301.07,40.68273,-73.92926
26598403,4089.01,40.675539017,-73.941470981
26603593,3934.04,40.672058463,-73.936485291
26604783,3975.02,40.67297,-73.93896
26605600,3966.01,40.670470357,-73.930562139
26610206,4576.11,40.691990376,-73.932202101
26620122,4246.02,40.680781126,-73.945979714
26621280,4057.04,40.67412,-73.94447
26636314,4366.1,40.683265686,-73.917084575
26639321,4048.03,40.675170541,-73.935595155
26645828,4154.02,40.676696062,-73.930513501
26655417,3862.07,40.66929,-73.93679
26662559,4039.04,40.67404,-73.92772
26674509,4301.04,40.68374,-73.9261
26746515,3966.03,40.672419429,-73.930982947
26771459,4122.03,40.67686,-73.93607
26822002,3934.06,40.6716,-73.93378
26955709,4016.03,40.673069239,-73.941971898
26956083,4025.02,40.67428,-73.9503
26957024,4936.21,40.70378167354831,-73.99073392152786
26966308,4007.01,40.673671007,-73.933590293
26969381,6644.08,40.756403523272496,-73.99410143494606
26969442,3902.06,40.66959,-73.94237
26979682,4072.02,40.674710393,-73.925178885
27021370,3853.02,40.668442607,-73.928130746
27029151,4310.06,40.682863474,-73.934928417
27030638,4113.01,40.67639,-73.92748
27091878,4408.07,40.684555292,-73.920068264
28185664,3999.06,40.67202,-73.92539
28652416,4031.05,40.673708081,-73.921884418
29043043,4500.07,40.68973,-73.93353
29051148,4146.02,40.67717,-73.92285
29051833,3958.02,40.670950413,-73.92228806
29056872,4105.01,40.676076293,-73.921613693
29103311,4290.06,40.682791114,-73.982598782
29131467,3925.03,40.67128,-73.92825
29140059,4131.03,40.676714063,-73.944234729
29148551,3428.04,40.65292829363811,-74.01286482810974
29172036,3950.03,40.671516061,-73.914423108
29219574,4023.05,40.67572391,-73.914149523
29219575,3952.07,40.670866847,-73.950662971
29296686,3845.05,40.668481827,-73.92302525
29424957,8141.05,40.835122799036405,-73.91196817159653
29425128,3991.04,40.67261,-73.91977
29434028,4064.03,40.674329758,-73.916429877
29441127,3885.06,40.670213819,-73.925336003
30130617,3356.07,40.65230357303063,-74.01344954967499
30136463,7113.05,40.774455547,-73.945507526
30145213,4129.1,40.67738,-73.90829
30146354,3934.07,40.672527552,-73.93646431
